<?xml version="1.0" encoding="UTF-8"?>
<translations>
    <token id="button_repeat">TIRAR NOVAMENTE</token>
    <token id="button_finish">ACEITAR</token>
    <token id="button_skip">OMITIR</token>
    <token id="button_ready">PRONTO</token>
    <token id="CaptureTipFront">Coloque a FRENTE do&#10;documento</token>
    <token id="CaptureInfoFront">Coloque a FRENTE&#10;do documento</token>
    <token id="CaptureTipFrontID">Coloque a FRENTE do&#10;documento</token>
    <token id="CaptureInfoFrontID">Coloque a FRENTE&#10;do documento</token>
    <token id="CaptureTipFrontPP">Coloque o PASSAPORTE</token>
    <token id="CaptureInfoFrontPP">Coloque o PASSAPORTE</token>
    <token id="CaptureTipFrontDL">Coloque a FRENTE da&#10;carta de condução</token>
    <token id="CaptureInfoFrontDL">Coloque a FRENTE&#10;da carta de condução</token>
    <token id="CaptureTipBack">Coloque o VERSO do&#10;documento</token>
    <token id="CaptureInfoBack">Coloque o VERSO&#10;do documento</token>
    <token id="CaptureTipBackID">Coloque o VERSO do&#10;documento</token>
    <token id="CaptureInfoBackID">Coloque o VERSO&#10;do documento</token>
    <token id="CaptureTipBackPP">Coloque o PASSAPORTE</token>
    <token id="CaptureInfoBackPP">Coloque o PASSAPORTE</token>
    <token id="CaptureTipBackDL">Coloque o VERSO da&#10;carta de condução</token>
    <token id="CaptureInfoBackDL">Coloque o VERSO&#10;da carta de condução</token>
    <token id="CaptureSuccessFront">A digitalização&#10;foi realizada com êxito!</token>
    <token id="CaptureSuccessBack">A digitalização&#10;foi realizada com êxito!</token>
    <token id="CaptureError">A analisar documento...</token>
    <token id="CaptureErrorLight">Não há&#10;luz suficiente</token>
    <token id="Tutorial1">Procure um fundo com&#10;bom contraste para a&#10;captura do documento</token>
    <token id="Tutorial2">Comprove que se vejam bem&#10;as letras e imagens&#10;do documento</token>
    <token id="Tutorial3">Evite contraluzes sobre o&#10;documento para poder captar&#10;melhor a informação</token>
    <token id="Tutorial1_PP">Procure um fundo com&#10;bom contraste para a&#10;captura do passaporte</token>
    <token id="Tutorial2_PP">Comprove que se vejam bem&#10;as letras e imagens&#10;do passaporte</token>
    <token id="Tutorial3_PP">Evite contraluzes sobre o&#10;passaporte para poder captar&#10;melhor a informação</token>
    <token id="timeout_no_front_document">A frente do documento não foi detectada. Certifique-se de colocar o documento na caixa de captura</token>
    <token id="timeout_uncertain_front_document">Parece que a frente do documento não é a esperada ou há destaques ou sombras que dificultam a classificação</token>
    <token id="timeout_unclear_front_document">Falha ao ler a frente do documento com sucesso. Certifique-se de que a imagem esteja nítida e que os dados no documento sejam claramente legíveis</token>
    <token id="timeout_no_back_document">O verso do documento não foi detectado. Certifique-se de colocar o documento na caixa de captura</token>
    <token id="timeout_uncertain_back_document">Parece que o verso do documento não é o esperado ou há destaques ou sombras que dificultam a classificação</token>
    <token id="timeout_unclear_back_document">O verso do documento não pôde ser lido com sucesso. Certifique-se de que a imagem esteja nítida e que os dados no documento sejam claramente legíveis</token>
    <token id="timeout_no_user_activity">O tempo máximo de espera foi excedido</token>
</translations>
