<?xml version="1.0" encoding="UTF-8"?>
<facephi-widget-conf version="1.3"
    border_width="4.0"
    border_color_tip="#604FC6"
    background_color_tip="#604FC699"
    border_color_capture="#ffffff"
    border_color_success="#ffffff"
    background_color_success="#2CC13D4C"
    border_color_error="#ffffff"
    background_color_error="#EB184C33"
    
    camera_scale="ASPECT_FILL"
    >

    <view id="CaptureIDFront">

        <gradientBackground id="background"
        colorStart="#29318399"
        colorEnd="#C0C0C099"
        xStart="0.333" yStart="0.200"
        xEnd="0.750" yEnd="1.166"
        />

        <panel id="IDPanel"
        color="#604FC699"
        />

        <frameIDOverlay id="frameOverlay"
        value=""
        />

        <frameID id="frame"
        color="#604FC6"
        />

        <labeledIcon id="tipCaptureFront"
        icon="IDIconFront.png"
        icon_align="BOTTOM"
        separation="16.0"
        text="CaptureTipFront"
        text_color="#FFFFFF"
        text_align="CENTER"
        font="Poppins-SemiBold.ttf"
        font_size="16.0"
        line_height="21.0"
        />


        <gradientPanel id="infoPanel"
        colorStart="#604FC6"
        colorEnd="#604FC6"
        xStart="0.333" yStart="0.200"
        xEnd="0.750" yEnd="1.166"
        />

        <labeledIcon id="infoCaptureFront"
        icon="IDIconSMFront.png"
        icon_align="LEFT"
        separation="16.0"
        text="CaptureInfoFront"
        text_color="#FFFFFF"
        text_align="LEFT"
        font="Poppins-SemiBold.ttf"
        font_size="16.0"
        line_height="21.0"
        />

        <buttonImage id="buttonInfo" value="info-light.png"/>
        <buttonImage id="buttonExit" value="cross-light.png"/>

        <image id="logo" value="logoSelphIDLight.png"/>
    </view>


    <view id="CaptureIDFrontSuccess">

        <gradientBackground id="background"
        colorStart="#29318399"
        colorEnd="#C0C0C099"
        xStart="0.333" yStart="0.200"
        xEnd="0.750" yEnd="1.166"
        />

        <documentImage id="lastDocumentImage"/>

        <panel id="IDPanel"
        color="#2CC13D4C"
        />

        <frameID id="frame"
        color="#ffffff"
        />

        <labeledIcon id="successCaptureFront"
        icon="checkIcon.png"
        icon_align="LEFT"
        separation="16.0"
        text="CaptureSuccessFront"
        text_color="#FFFFFF"
        text_align="LEFT"
        font="Poppins-SemiBold.ttf"
        font_size="16.0"
        line_height="21.0"
        />

        <gradientPanel id="infoPanel"
        colorStart="#604FC6"
        colorEnd="#604FC6"
        xStart="0.333" yStart="0.200"
        xEnd="0.750" yEnd="1.166"
        />

        <labeledIcon id="infoCaptureFront"
        icon="IDIconSMFront.png"
        icon_align="LEFT"
        separation="16.0"
        text="CaptureInfoFront"
        text_color="#FFFFFF"
        text_align="LEFT"
        font="Poppins-SemiBold.ttf"
        font_size="16.0"
        line_height="21.0"
        />

        <buttonImage id="buttonInfo" value="info-light.png"/>
        <buttonImage id="buttonExit" value="cross-light.png"/>

        <image id="logo" value="logoSelphIDLight.png"/>

        <flash id="flash"
        color="#ffffffcc"
        delay="0.1"
        duration="0.25"
        />

    </view>


    <view id="CaptureIDFrontError">

        <gradientBackground id="background"
        colorStart="#29318399"
        colorEnd="#C0C0C099"
        xStart="0.333" yStart="0.200"
        xEnd="0.750" yEnd="1.166"
        />

        <flash id="flash"
        color="#ff763933"
        delay="0.1"
        duration="0.3"
        />

        <panel id="IDPanel"
        color="#EB184C33"
        />

        <frameID id="frame"
        color="#ffffff"
        />

        <labeledIcon id="errorCaptureFront"
        icon="errorIcon.png"
        icon_align="LEFT"
        separation="16.0"
        text_color="#FFFFFF"
        text_align="LEFT"
        font="Poppins-SemiBold.ttf"
        font_size="16.0"
        line_height="21.0"
        />

        <gradientPanel id="infoPanel"
        colorStart="#604FC6"
        colorEnd="#604FC6"
        xStart="0.333" yStart="0.200"
        xEnd="0.750" yEnd="1.166"
        />

        <labeledIcon id="infoCaptureFront"
        icon="IDIconSMFront.png"
        icon_align="LEFT"
        separation="16.0"
        text="CaptureInfoFront"
        text_color="#FFFFFF"
        text_align="LEFT"
        font="Poppins-SemiBold.ttf"
        font_size="16.0"
        line_height="21.0"
        />

        <buttonImage id="buttonInfo" value="info-light.png"/>
        <buttonImage id="buttonExit" value="cross-light.png"/>

        <image id="logo" value="logoSelphIDLight.png"/>

    </view>



    <view id="CaptureOtherSideTransition">
        
        <gradientBackground id="background"
        colorStart="#29318399"
        colorEnd="#C0C0C099"
        xStart="0.333" yStart="0.200"
        xEnd="0.750" yEnd="1.166"
        />

        <documentImage id="lastDocumentImage"/>

        <frameID id="frame"
        color="#ffffff"
        />

        <buttonImage id="buttonInfo" value="info-light.png"/>
        <buttonImage id="buttonExit" value="cross-light.png"/>

        <image id="logo" value="logoSelphIDLight.png"/>

    </view>


    <view id="CaptureIDBack">

        <gradientBackground id="background"
        colorStart="#29318399"
        colorEnd="#C0C0C099"
        xStart="0.333" yStart="0.200"
        xEnd="0.750" yEnd="1.166"
        />

        <panel id="IDPanel"
        color="#604FC699"
        />

        <frameIDOverlay id="frameOverlay"
        value=""
        />

        <frameID id="frame"
        color="#604FC6"
        />

        <labeledIcon id="tipCaptureBack"
        icon="IDIconBack.png"
        icon_align="BOTTOM"
        separation="16.0"
        text="CaptureTipBack"
        text_color="#FFFFFF"
        text_align="CENTER"
        font="Poppins-SemiBold.ttf"
        font_size="16.0"
        line_height="21.0"
        />


        <gradientPanel id="infoPanel"
        colorStart="#604FC6"
        colorEnd="#604FC6"
        xStart="0.333" yStart="0.200"
        xEnd="0.750" yEnd="1.166"
        />

        <labeledIcon id="infoCaptureBack"
        icon="IDIconSMBack.png"
        icon_align="LEFT"
        separation="16.0"
        text="CaptureInfoBack"
        text_color="#FFFFFF"
        text_align="LEFT"
        font="Poppins-SemiBold.ttf"
        font_size="16.0"
        line_height="21.0"
        />

        <buttonImage id="buttonInfo" value="info-light.png"/>
        <buttonImage id="buttonExit" value="cross-light.png"/>

        <image id="logo" value="logoSelphIDLight.png"/>

    </view>

    <view id="CaptureIDBackSuccess">

        <gradientBackground id="background"
        colorStart="#29318399"
        colorEnd="#C0C0C099"
        xStart="0.333" yStart="0.200"
        xEnd="0.750" yEnd="1.166"
        />

        <documentImage id="lastDocumentImage"/>

        <panel id="IDPanel"
        color="#2CC13D4C"
        />

        <frameID id="frame"
        color="#ffffff"
        />

        <labeledIcon id="successCaptureBack"
        icon="checkIcon.png"
        icon_align="LEFT"
        separation="16.0"
        text="CaptureSuccessBack"
        text_color="#FFFFFF"
        text_align="LEFT"
        font="Poppins-SemiBold.ttf"
        font_size="16.0"
        line_height="21.0"
        />

        <gradientPanel id="infoPanel"
        colorStart="#604FC6"
        colorEnd="#604FC6"
        xStart="0.333" yStart="0.200"
        xEnd="0.750" yEnd="1.166"
        />

        <labeledIcon id="infoCaptureBack"
        icon="IDIconSMBack.png"
        icon_align="LEFT"
        separation="16.0"
        text="CaptureInfoBack"
        text_color="#FFFFFF"
        text_align="LEFT"
        font="Poppins-SemiBold.ttf"
        font_size="16.0"
        line_height="21.0"
        />

        <buttonImage id="buttonInfo" value="info-light.png"/>
        <buttonImage id="buttonExit" value="cross-light.png"/>

        <image id="logo" value="logoSelphIDLight.png"/>

        <flash id="flash"
        color="#ffffffcc"
        delay="0.1"
        duration="0.25"
        />

    </view>


    <view id="CaptureIDBackError">

        <gradientBackground id="background"
        colorStart="#29318399"
        colorEnd="#C0C0C099"
        xStart="0.333" yStart="0.200"
        xEnd="0.750" yEnd="1.166"
        />

        <flash id="flash"
        color="#EB184C33"
        delay="0.1"
        duration="0.3"
        />

        <panel id="IDPanel"
        color="#EB184C33"
        />

        <frameID id="frame"
        color="#ffffff"
        />

        <labeledIcon id="errorCaptureBack"
        icon="errorIcon.png"
        icon_align="LEFT"
        separation="16.0"
        text_color="#FFFFFF"
        text_align="LEFT"
        font="Poppins-SemiBold.ttf"
        font_size="16.0"
        line_height="21.0"
        />

        <gradientPanel id="infoPanel"
        colorStart="#604FC6"
        colorEnd="#604FC6"
        xStart="0.333" yStart="0.200"
        xEnd="0.750" yEnd="1.166"
        />

        <labeledIcon id="infoCaptureBack"
        icon="IDIconSMBack.png"
        icon_align="LEFT"
        separation="16.0"
        text="CaptureInfoBack"
        text_color="#FFFFFF"
        text_align="LEFT"
        font="Poppins-SemiBold.ttf"
        font_size="16.0"
        line_height="21.0"
        />

        <buttonImage id="buttonInfo" value="info-light.png"/>
        <buttonImage id="buttonExit" value="cross-light.png"/>

        <image id="logo" value="logoSelphIDLight.png"/>

    </view>

    <view id="ShowID">
        <background id="background"
        color="#ffffff"
        />
       
        <documentImage id="lastDocumentImage"/>

        <frameID id="frame"
        color="#E6E8F0"
        />
        
        <button id="buttonRetry"
        background="#DFDCF4"
        foreground="#604FC6"
        content="button_repeat"
        content_type="TEXT_ID"
        font="Poppins-SemiBold.ttf"
        font_size="16.0"
        align="CENTER"
        radius="12.0"
        />
        
        <button id="buttonAccept"
        background="#604FC6"
        foreground="#FFFFFF"
        content="button_finish"
        content_type="TEXT_ID"
        font="Poppins-SemiBold.ttf"
        font_size="16.0"
        align="CENTER"
        radius="12.0"
        />
        
        <buttonImage id="buttonInfo" value="info-dark.png"/>
        <buttonImage id="buttonExit" value="cross-dark.png"/>
        
        <image id="logo" value="logoSelphIDDark.png"/>
    </view>

    <view id="InfoTutorial">

        <background id="back"
        color="#000000"
        />

        <gradientBackground id="background"
        colorStart="#29318399"
        colorEnd="#C0C0C099"
        xStart="0.333" yStart="0.200"
        xEnd="0.750" yEnd="1.166"
        />

        <panel id="IDPanel"
        color="#604FC699"
        />

        <frameID id="frame"
        color="#604FC6"
        />

        <buttonImage id="buttonExit" value="cross-light.png"/>

        <image id="logo" value="logoSelphIDLight.png"/>

        <background id="infoBackground"
        color="#00000066"
        />
        
        <buttonImage id="buttonInfo" value="info-light.png"/>

        <button id="buttonAccept"
        background="#604FC6"
        foreground="#FFFFFF"
        content="button_finish"
        content_type="TEXT_ID"
        font="Poppins-SemiBold.ttf"
        font_size="16.0"
        align="CENTER"
        />

    </view>


    <view id="Tutorial1">
        <background id="background"
        color="#ffffff"
        />

        <video id="tip_video" value="01_tut_contraste.mp4"/>

        <imageBackground id="imageBackground"
        image="background.png"
        scale="SCALE_FILL"
        />

        <text id="tip"
        color="#2B303C"
        font="Poppins-Regular.ttf"
        font_size="20.0"
        />

        <button id="buttonBack"
        background="#00000000"
        foreground="#604FC6"
        content="button_skip"
        content_type="TEXT_ID"
        font="Poppins-SemiBold.ttf"
        font_size="16.0"
        align="LEFT"
        />
        
        <button id="buttonNext"
        background="#00000000"
        foreground="#ffffff"
        content="arrow-next-dark.png"
        content_type="RESOURCE_ID"
        align="RIGHT"
        />        

        <pagination id="pagination" steps="3"
        page="1"
        image_on="paged-on-dark.png"
        image_off="paged-off-dark.png"
        separation="23.0"
        />

        <image id="logo" value="logoSelphIDDark.png"/>   
    </view>

    <view id="Tutorial2">
        <background id="background"
        color="#ffffff"
        />

        <video id="tip_video" value="02_tut_captura.mp4"/>
        
        <imageBackground id="imageBackground"
        image="background.png"
        scale="SCALE_FILL"
        />

        <text id="tip"
        color="#2B303C"
        font="Poppins-Regular.ttf"
        font_size="20.0"
        />

        <button id="buttonBack"
        background="#00000000"
        foreground="#ffffff"
        content="arrow-back-dark.png"
        content_type="RESOURCE_ID"
        align="LEFT"
        />
        
        <button id="buttonNext"
        background="#00000000"
        foreground="#ffffff"
        content="arrow-next-dark.png"
        content_type="RESOURCE_ID"
        align="RIGHT"
        />        

        <pagination id="pagination" steps="3"
        page="2"
        image_on="paged-on-dark.png"
        image_off="paged-off-dark.png"
        separation="23.0"
        />

        <image id="logo" value="logoSelphIDDark.png"/>   
    </view>

    <view id="Tutorial3">
        <background id="background"
        color="#ffffff"
        />

        <video id="tip_video" value="03_tut_luz.mp4"/>
        
        <imageBackground id="imageBackground"
        image="background.png"
        scale="SCALE_FILL"
        />
        
        <text id="tip"
        color="#2B303C"
        font="Poppins-Regular.ttf"
        font_size="20.0"
        />

        <button id="buttonBack"
        background="#00000000"
        foreground="#ffffff"
        content="arrow-back-dark.png"
        content_type="RESOURCE_ID"
        align="LEFT"
        />
        
        <button id="buttonNext"
        background="#00000000"
        foreground="#604FC6"
        content="button_ready"
        content_type="TEXT_ID"
        font="Poppins-SemiBold.ttf"
        font_size="16.0"
        align="RIGHT"
        />      

        <pagination id="pagination" steps="3"
        page="3"
        image_on="paged-on-dark.png"
        image_off="paged-off-dark.png"
        separation="23.0"
        />

        <image id="logo" value="logoSelphIDDark.png"/>   
    </view>
    <view id="Tutorial1_PP">
        <background id="background"
        color="#ffffff"
        />

        <video id="tip_video" value="01_tut_contraste.mp4"/>

        <imageBackground id="imageBackground"
        image="background.png"
        scale="SCALE_FILL"
        />

        <text id="tip"
        color="#2B303C"
        font="Poppins-Regular.ttf"
        font_size="20.0"
        />

        <button id="buttonBack"
        background="#00000000"
        foreground="#ffffff"
        content="button_skip"
        content_type="TEXT_ID"
        font="Poppins-SemiBold.ttf"
        font_size="16.0"
        align="LEFT"
        />
        
        <button id="buttonNext"
        background="#00000000"
        foreground="#ffffff"
        content="arrow-next-dark.png"
        content_type="RESOURCE_ID"
        align="RIGHT"
        />        

        <pagination id="pagination" steps="3"
        page="1"
        image_on="paged-on-dark.png"
        image_off="paged-off-dark.png"
        separation="23.0"
        />

        <image id="logo" value="logoSelphIDDark.png"/>   
    </view>

    <view id="Tutorial2_PP">
        <background id="background"
        color="#ffffff"
        />

        <video id="tip_video" value="02_tut_captura.mp4"/>

        <imageBackground id="imageBackground"
        image="background.png"
        scale="SCALE_FILL"
        />
        
        <text id="tip"
        color="#2B303C"
        font="Poppins-Regular.ttf"
        font_size="20.0"
        />

        <button id="buttonBack"
        background="#00000000"
        foreground="#ffffff"
        content="arrow-back-dark.png"
        content_type="RESOURCE_ID"
        align="LEFT"
        />
        
        <button id="buttonNext"
        background="#00000000"
        foreground="#ffffff"
        content="arrow-next-dark.png"
        content_type="RESOURCE_ID"
        align="RIGHT"
        />        

        <pagination id="pagination" steps="3"
        page="2"
        image_on="paged-on-dark.png"
        image_off="paged-off-dark.png"
        separation="23.0"
        />

        <image id="logo" value="logoSelphIDDark.png"/>   
    </view>

    <view id="Tutorial3_PP">
        <background id="background"
        color="#ffffff"
        />

        <video id="tip_video" value="03_tut_luz.mp4"/>

        <imageBackground id="imageBackground"
        image="background.png"
        scale="SCALE_FILL"
        />
        
        <text id="tip"
        color="#2B303C"
        font="Poppins-Regular.ttf"
        font_size="20.0"
        />

        <button id="buttonBack"
        background="#00000000"
        foreground="#ffffff"
        content="arrow-back-dark.png"
        content_type="RESOURCE_ID"
        align="LEFT"
        />
        
        <button id="buttonNext"
        background="#00000000"
        foreground="#ffffff"
        content="button_ready"
        content_type="TEXT_ID"
        font="Poppins-SemiBold.ttf"
        font_size="16.0"
        align="RIGHT"
        />      

        <pagination id="pagination" steps="3"
        page="3"
        image_on="paged-on-dark.png"
        image_off="paged-off-dark.png"
        separation="23.0"
        />

        <image id="logo" value="logoSelphIDDark.png"/>   
    </view>


</facephi-widget-conf>

